-- ============================================================
-- HackProduct — Product Autopsy Seed Data
-- 5 products × 3 decisions × 1 challenge = 15 entries
-- ============================================================

-- ── PRODUCTS ─────────────────────────────────────────────────

INSERT INTO autopsy_products (id, slug, name, tagline, logo_emoji, logo_url, cover_color, industry, paradigm, decision_count, is_published, sort_order) VALUES
  (
    'a1000001-0000-0000-0000-000000000001',
    'notion',
    'Notion',
    'All-in-one workspace for notes, docs, and projects',
    '📝',
    '/images/logos/notion.png',
    '#000000',
    'productivity',
    'traditional',
    3,
    true,
    1
  ),
  (
    'a1000001-0000-0000-0000-000000000002',
    'linear',
    'Linear',
    'The issue tracker built for modern software teams',
    '⚡',
    '/images/logos/linear.png',
    '#5E6AD2',
    'developer-tools',
    'traditional',
    3,
    true,
    2
  ),
  (
    'a1000001-0000-0000-0000-000000000003',
    'figma',
    'Figma',
    'Where teams design and collaborate in real time',
    '🎨',
    '/images/logos/figma.png',
    '#F24E1E',
    'design-tools',
    'traditional',
    3,
    true,
    3
  ),
  (
    'a1000001-0000-0000-0000-000000000004',
    'stripe',
    'Stripe',
    'Financial infrastructure for the internet',
    '💳',
    '/images/logos/stripe.png',
    '#635BFF',
    'fintech',
    'traditional',
    3,
    true,
    4
  ),
  (
    'a1000001-0000-0000-0000-000000000005',
    'vercel',
    'Vercel',
    'Build and deploy the best web experiences with AI',
    '▲',
    '/images/logos/vercel.png',
    '#000000',
    'developer-tools',
    'ai-native',
    3,
    true,
    5
  );


-- ── DECISIONS ────────────────────────────────────────────────

-- Notion decisions
INSERT INTO autopsy_decisions (id, product_id, sort_order, title, area, difficulty, icon, what_they_did, real_reasoning, principle, challenge_question) VALUES
  (
    'b2000001-0000-0000-0000-000000000001',
    'a1000001-0000-0000-0000-000000000001',
    0,
    'Blocks over documents',
    'Architecture',
    'standard',
    'view_agenda',
    'Notion replaced the traditional document model (static pages with text) with composable blocks. Every piece of content — a paragraph, a database, a toggle — is a block that can be moved, nested, or transformed into another type.',
    'The block model isn''t just a UX choice — it''s a growth strategy. When users can embed databases inside pages and pages inside databases, they build deeply personal systems that are hard to replicate elsewhere. The switching cost isn''t losing data; it''s losing the entire mental model they built.',
    'Switching costs live in structure, not data',
    'Why did Notion build blocks instead of a smarter document editor?'
  ),
  (
    'b2000001-0000-0000-0000-000000000002',
    'a1000001-0000-0000-0000-000000000001',
    1,
    'AI as paid add-on, not default',
    'Monetization',
    'advanced',
    'smart_toy',
    'When Notion launched Notion AI, it was not bundled into the free or Pro tier. It was an explicit $10/month add-on, even for paid users.',
    'Bundling AI would have commoditized it. By charging separately, Notion signaled that AI was a premium capability worth paying for — and created a new revenue line without cannibalizing existing tier conversion. The risk was user backlash; the bet was that power users would pay and casual users wouldn''t miss what they never had.',
    'Price signals value — bundling signals commodity',
    'Why charge separately for Notion AI instead of including it in all paid plans?'
  ),
  (
    'b2000001-0000-0000-0000-000000000003',
    'a1000001-0000-0000-0000-000000000001',
    2,
    'Template gallery as the growth loop',
    'Onboarding',
    'standard',
    'grid_view',
    'Notion built a publicly accessible template gallery where any user can publish their workspace setup for others to duplicate. Templates became the primary organic acquisition channel.',
    'The template gallery solved the blank-canvas problem (new users don''t know how to start) while creating a community flywheel: creators get followers, Notion gets free marketing, and every duplicated template is a pre-configured workspace that reduces churn. It turned user creativity into an acquisition engine.',
    'Let users market the product by building with it',
    'Why did Notion invest heavily in a template gallery rather than guided onboarding flows?'
  ),

  -- Linear decisions
  (
    'b2000001-0000-0000-0000-000000000004',
    'a1000001-0000-0000-0000-000000000002',
    0,
    '50ms P99 latency as a product value, not infra metric',
    'Performance',
    'standard',
    'speed',
    'Linear publicly committed to a 50ms P99 response time target and built its entire architecture (local-first, optimistic updates, SQLite in the browser) around it. This was marketed explicitly on their website.',
    'Most PM tools feel slow because they round-trip to the server on every action. Linear made speed a feature, not a constraint. By marketing the latency target, they created a benchmark competitors had to respond to — and a promise that locked them into maintaining it. Speed became their moat against Jira.',
    'Turn a technical constraint into a product promise',
    'Why did Linear make their 50ms latency target part of their product marketing?'
  ),
  (
    'b2000001-0000-0000-0000-000000000005',
    'a1000001-0000-0000-0000-000000000002',
    1,
    'Cycles, not sprints',
    'Workflow',
    'warmup',
    'cycle',
    'Linear uses "Cycles" instead of the industry-standard "Sprints." The name change is intentional — cycles are presented as rhythms, not deadlines.',
    '"Sprint" carries baggage: pressure, failure states, retrospective ceremonies. "Cycle" implies a natural rhythm that repeats without shame. The linguistic choice attracted teams who had been burned by rigid agile processes and wanted the structure without the ceremony. It''s a positioning decision dressed as a naming decision.',
    'Naming is positioning — word choice signals values',
    'Why did Linear call their time-boxes "Cycles" instead of the standard "Sprints"?'
  ),
  (
    'b2000001-0000-0000-0000-000000000006',
    'a1000001-0000-0000-0000-000000000002',
    2,
    'ENG-123 sequential IDs for power-user identity',
    'UX',
    'standard',
    'tag',
    'Linear assigns sequential, human-readable IDs to every issue (ENG-123, DESIGN-45). These IDs are stable, copy-pasteable, and appear in Slack, PRs, and commit messages.',
    'Linear was built for engineers who live in terminals and Slack. A UUID is useless in verbal communication; ENG-123 is not. The sequential ID makes issues referenceable across all contexts — chat, code, email — without needing to open the tool. It''s a design decision that makes Linear feel native to how engineers actually work.',
    'Design for the environment where your users actually work, not just your UI',
    'Why does Linear use short sequential IDs (ENG-123) instead of modern UUID-based issue references?'
  ),

  -- Figma decisions
  (
    'b2000001-0000-0000-0000-000000000007',
    'a1000001-0000-0000-0000-000000000003',
    0,
    'Browser-first over native desktop',
    'Distribution',
    'standard',
    'open_in_browser',
    'Figma built a professional-grade design tool that runs entirely in the browser, using WebGL and WebAssembly — at a time when every serious design tool was a native app (Sketch, Adobe XD, Photoshop).',
    'Browser-first wasn''t a technical choice — it was a distribution strategy. No installation means no procurement friction, no IT approval, no version mismatch between teammates. A designer can share a link with a PM or engineer who immediately sees the file without downloading anything. The browser became the feature that unlocked enterprise deals.',
    'Distribution constraints are product decisions — remove the install barrier and you remove the sales barrier',
    'Why did Figma bet on a browser-based design tool when every competitor was native?'
  ),
  (
    'b2000001-0000-0000-0000-000000000008',
    'a1000001-0000-0000-0000-000000000003',
    1,
    'Multiplayer by default',
    'Collaboration',
    'warmup',
    'group',
    'Figma launched with real-time multiplayer as a core feature, not a premium add-on. Multiple users can edit the same file simultaneously and see each other''s cursors live.',
    'Multiplayer served two strategic goals: it made sharing files viral (you need Figma to edit Figma files), and it made Figma indispensable in team workflows. Once a team''s design process runs through Figma, removing it means redesigning how the whole team collaborates — not just changing a tool. The cursor was the network effect.',
    'Collaboration features are retention features dressed as product features',
    'What was the real strategic reason Figma launched multiplayer as a core feature from day one?'
  ),
  (
    'b2000001-0000-0000-0000-000000000009',
    'a1000001-0000-0000-0000-000000000003',
    2,
    'Component libraries as the network-effect moat',
    'Network Effects',
    'advanced',
    'widgets',
    'Figma built a community library system where design systems, icon sets, and UI kits are shared publicly. Major companies published their design systems on Figma Community.',
    'When Salesforce, Google, and Microsoft publish their design systems in Figma, every designer who needs to work with those systems must use Figma. The community library created an asymmetric network effect: more design systems in Figma → more designers required to use Figma → more companies publish there. This is why Adobe paid $20B — not for the tool, but for the ecosystem.',
    'Community content creates switching costs that product features cannot',
    'What made Figma Community a strategic moat rather than just a nice-to-have gallery?'
  ),

  -- Stripe decisions
  (
    'b2000001-0000-0000-0000-000000000010',
    'a1000001-0000-0000-0000-000000000004',
    0,
    '7-line integration as the product pitch',
    'Developer Experience',
    'standard',
    'code',
    'Stripe designed its initial API so that a developer could add payment processing to a website in 7 lines of code. This was the centerpiece of its launch and early marketing.',
    'At launch, accepting payments online required weeks of bank integrations, fraud systems, and PCI compliance work. Stripe''s 7-line demo wasn''t showing off an API — it was showing developers what they were being robbed of. The code was the proof point that the entire category had been unnecessarily hard. The simplicity was the sales pitch.',
    'The best product demo shows the before, not just the after',
    'Why did Stripe make 7-line integration the centerpiece of its launch instead of features like fraud protection or global payments?'
  ),
  (
    'b2000001-0000-0000-0000-000000000011',
    'a1000001-0000-0000-0000-000000000004',
    1,
    'Hosted fields for PCI compliance as a feature',
    'Security',
    'advanced',
    'lock',
    'Stripe.js renders card input fields inside iframes hosted on Stripe''s servers, not the merchant''s. This means the merchant''s server never touches raw card data.',
    'PCI compliance is expensive and terrifying for small companies. By handling it invisibly, Stripe removed the biggest psychological barrier to adoption: "what if we get hacked and expose card numbers?" The hosted fields weren''t a security decision — they were a sales decision. Stripe absorbed the compliance cost so merchants didn''t have to think about it.',
    'Absorbing a customer''s fear is a competitive advantage',
    'Why did Stripe design hosted card input fields that run on Stripe infrastructure instead of letting merchants control their own form fields?'
  ),
  (
    'b2000001-0000-0000-0000-000000000012',
    'a1000001-0000-0000-0000-000000000004',
    2,
    'Dashboard as a standalone product',
    'Expansion',
    'standard',
    'dashboard',
    'Stripe built a full business operations dashboard — dispute management, payout scheduling, tax reporting, team permissions — that goes far beyond what a payment API needs. The dashboard became the daily interface for finance and operations teams.',
    'An API business that only touches developers is vulnerable to being replaced by another API. Stripe''s dashboard expanded its footprint from the engineer who integrated it to the CFO who uses it daily. Once finance and operations run through Stripe''s dashboard, switching payment providers requires a company-wide workflow change — not just a code change.',
    'Expand from the integration point to the workflow to create org-level switching costs',
    'Why did Stripe invest heavily in a finance operations dashboard when it started as a developer-focused payment API?'
  ),

  -- Vercel decisions
  (
    'b2000001-0000-0000-0000-000000000013',
    'a1000001-0000-0000-0000-000000000005',
    0,
    'Preview deployments for every pull request',
    'Workflow',
    'warmup',
    'preview',
    'Vercel automatically deploys a unique preview URL for every pull request. Designers, PMs, and stakeholders can review changes on a live URL before they merge to production.',
    'Preview deployments look like a developer convenience feature but are actually a sales feature. When a designer reviews code on a live URL, they start using Vercel without realizing it. When a PM clicks a preview link, Vercel becomes part of their workflow. The preview URL is Vercel''s trojan horse into non-engineering stakeholders — expanding its footprint beyond the engineer who set it up.',
    'Make your tool visible to stakeholders who didn''t choose it',
    'What is the real strategic value of Vercel''s per-PR preview deployments beyond developer convenience?'
  ),
  (
    'b2000001-0000-0000-0000-000000000014',
    'a1000001-0000-0000-0000-000000000005',
    1,
    'Edge functions over regional serverless',
    'Performance',
    'advanced',
    'public',
    'Vercel pushed its Edge Functions product aggressively — serverless code that runs at CDN nodes globally rather than in a single cloud region. They made edge-first the default for new Next.js features.',
    'Edge functions created a technical dependency that is nearly impossible to migrate away from. Code written with Edge Runtime APIs, streaming responses, and Vercel''s edge cache primitives doesn''t just run on Vercel — it''s written for Vercel. By making the edge the future of Next.js, Vercel tied framework-level innovation to platform adoption. The technical bet was the lock-in strategy.',
    'Platform lock-in disguised as technical leadership',
    'Why did Vercel prioritize edge functions over improving standard serverless infrastructure?'
  ),
  (
    'b2000001-0000-0000-0000-000000000015',
    'a1000001-0000-0000-0000-000000000005',
    2,
    'v0 as a top-of-funnel flywheel',
    'AI Growth',
    'standard',
    'auto_awesome',
    'Vercel launched v0.dev, an AI tool that generates React/Next.js UI from text prompts. v0 is free to use and outputs code designed to deploy on Vercel.',
    'v0 is not a product — it''s a customer acquisition channel. Every component v0 generates uses Next.js. Every generated UI that gets deployed points at Vercel. By making the output format Vercel-native, they created an AI pipeline from "I want to build something" to "I''m deploying on Vercel" without the user making an active platform choice. It''s a flywheel: more v0 usage → more Vercel deployments → more framework lock-in.',
    'AI tools that output your format are distribution, not products',
    'Why did Vercel make v0.dev free instead of monetizing it directly as a standalone AI product?'
  );


-- ── CHALLENGES ───────────────────────────────────────────────

-- Challenge 1: Notion — Blocks over documents
INSERT INTO autopsy_challenges (id, decision_id, context, options, insight, principle) VALUES
  (
    'c3000001-0000-0000-0000-000000000001',
    'b2000001-0000-0000-0000-000000000001',
    'In 2016, Notion launched a redesign that scrapped the traditional document model entirely. Instead of pages filled with text, every piece of content became a "block" — paragraphs, databases, images, embeds, toggles — all of them moveable, nestable, and transformable. The engineering cost was enormous; the UX learning curve was steep. Competitors like Confluence kept improving their existing document model. Notion chose to break the paradigm entirely.',
    '[
      {
        "label": "A",
        "text": "Blocks make Notion more flexible than traditional word processors, letting users customize their workspace however they want.",
        "quality": "surface",
        "explanation": "True but surface-level — this describes the UX benefit, not the strategic reason. Flexibility alone doesn''t explain why switching costs are so high or why Notion took the enormous engineering risk to rebuild from scratch."
      },
      {
        "label": "B",
        "text": "The block model creates structural lock-in. Users build personal systems in Notion that can''t be exported as structure — only as flat data. Switching means rebuilding how you think, not just where you store files.",
        "quality": "best",
        "explanation": "This is the real insight. The switching cost isn''t data migration — it''s mental model migration. Notion''s blocks create cognitive lock-in that no feature comparison can overcome. Your second brain lives in Notion''s structure, not just its storage."
      },
      {
        "label": "C",
        "text": "Blocks enable Notion to build a marketplace of block types and integrations, creating an ecosystem play similar to Salesforce''s AppExchange.",
        "quality": "good_but_incomplete",
        "explanation": "Partially right — the block model does enable extensibility and third-party block types. But the marketplace wasn''t the primary strategic reason for blocks at launch. The lock-in came first, the ecosystem later."
      },
      {
        "label": "D",
        "text": "Notion chose blocks because it made the engineering architecture simpler — each content type is its own component, making it easier to build and maintain.",
        "quality": "plausible_wrong",
        "explanation": "The block model actually makes engineering significantly harder, not simpler. Supporting arbitrary nesting, block transforms, and relational embeds is dramatically more complex than a standard document editor. This trades engineering complexity for strategic moat."
      }
    ]'::jsonb,
    'What surprised me about Notion''s block model is that it wasn''t designed to be flexible — it was designed to be sticky. When you reorganize your second brain in Notion, you''re not just moving text; you''re rebuilding a system of relationships between ideas. Exporting that as Markdown loses everything that made it work. The principle: switching costs live in structure, not in data.',
    'Switching costs live in structure, not data'
  ),

  -- Challenge 2: Notion — AI as paid add-on
  (
    'c3000001-0000-0000-0000-000000000002',
    'b2000001-0000-0000-0000-000000000002',
    'In 2023, when every SaaS product was scrambling to bundle AI features and market them as "included," Notion did the opposite. Notion AI launched as a $10/month add-on — charged on top of any existing paid plan, including Business tier. Users pushed back on social media. Notion held the line. Within months, Notion AI was generating meaningful incremental revenue with minimal incremental cost.',
    '[
      {
        "label": "A",
        "text": "Charging separately for AI covered the high inference costs from OpenAI, which would have made free bundling unprofitable.",
        "quality": "good_but_incomplete",
        "explanation": "Cost recovery is real, but it''s a secondary rationale. Notion''s primary reason was strategic signaling, not margin protection. Many companies priced AI as a loss leader to drive adoption — Notion made the opposite bet deliberately."
      },
      {
        "label": "B",
        "text": "Notion didn''t want to force AI on users who didn''t want it, respecting privacy concerns around AI processing personal notes.",
        "quality": "plausible_wrong",
        "explanation": "Privacy wasn''t the driver — Notion AI is opt-in regardless of pricing. The same privacy outcome could be achieved by bundling the feature but requiring explicit activation. The separate charge was a monetization choice, not a privacy one."
      },
      {
        "label": "C",
        "text": "Bundling AI would have commoditized it, erasing its perceived value. A separate charge positioned AI as premium — worth paying for — and created a new revenue line without cannibalizing tier upgrades.",
        "quality": "best",
        "explanation": "This is the real strategic logic. Price is a signal. When AI is included in all plans, it becomes table stakes — something every competitor must match for free. By charging separately, Notion anchored the value of AI as distinct and meaningful, while unlocking net-new revenue from users who would never have upgraded tiers."
      },
      {
        "label": "D",
        "text": "Notion wanted to A/B test AI features before committing to full integration, so the add-on was a controlled rollout mechanism.",
        "quality": "surface",
        "explanation": "There''s no evidence this was a test rollout strategy — Notion AI launched fully formed with a permanent pricing structure from day one. The launch was deliberate positioning, not a staged experiment."
      }
    ]'::jsonb,
    'What I found striking about Notion AI''s launch is that the backlash was predictable — and Notion launched anyway. That''s a confident pricing bet: they believed power users would pay and casual users would forget what they never had. Bundling AI would have turned it into a checkbox on a feature comparison page. The separate charge made it a decision, which made it feel valuable. The principle: the price you charge teaches customers what something is worth.',
    'Price signals value — bundling signals commodity'
  ),

  -- Challenge 3: Notion — Template gallery
  (
    'c3000001-0000-0000-0000-000000000003',
    'b2000001-0000-0000-0000-000000000003',
    'Notion''s template gallery lets any user publish their workspace setup publicly. By 2022, there were tens of thousands of templates covering everything from personal OKR trackers to full company wikis. Notion invested engineering and design resources into the gallery — a curation interface, submission flow, creator profiles. This came at the cost of not building more guided onboarding wizards, which every UX benchmark report recommended.',
    '[
      {
        "label": "A",
        "text": "The template gallery reduced support costs by giving new users pre-built workspaces, cutting down on \"how do I set this up?\" tickets.",
        "quality": "surface",
        "explanation": "Support deflection is a real benefit but a consequence, not the strategy. If support deflection were the goal, Notion would have built official templates only — not an open community gallery with creator profiles and follower counts."
      },
      {
        "label": "B",
        "text": "Templates solved the blank-canvas activation problem while creating a community flywheel: creators get followers, Notion gets organic marketing, and every duplicated template is a configured workspace that hooks new users immediately.",
        "quality": "best",
        "explanation": "The template gallery is a two-sided growth engine. It solves the immediate activation problem (blank canvas is scary) while simultaneously generating word-of-mouth through creators who publish and promote their templates externally. Every \"duplicate this template\" click is a committed, configured new user — not just someone who signed up."
      },
      {
        "label": "C",
        "text": "Notion used the gallery to compete with tools like Airtable and Monday.com by showing industry-specific templates that mapped to competitors'' use cases.",
        "quality": "good_but_incomplete",
        "explanation": "Competitive positioning through templates is a real secondary benefit — seeing a project management template proves Notion can replace Jira. But it''s a downstream effect of the gallery strategy, not the founding reason for building it."
      },
      {
        "label": "D",
        "text": "The template gallery was a low-cost way to build a content library without hiring content writers, since users create templates for free.",
        "quality": "plausible_wrong",
        "explanation": "This undersells the investment Notion made. Building a gallery with creator profiles, curation, duplication flows, and discovery requires real engineering. Framing it as \"cheap content\" misses that the gallery creates a community with network effects — the value is the flywheel, not the cost savings."
      }
    ]'::jsonb,
    'What I find clever about Notion''s template gallery is that it turns a product limitation (blank canvas is intimidating) into a growth engine. The user who publishes a template isn''t just helping Notion — they''re building an audience on Notion''s platform, which means they''re never leaving. And the user who duplicates a template starts with a configured system, not a blank page — dramatically higher activation. The principle: let users market the product by building with it.',
    'Let users market the product by building with it'
  ),

  -- Challenge 4: Linear — 50ms latency target
  (
    'c3000001-0000-0000-0000-000000000004',
    'b2000001-0000-0000-0000-000000000004',
    'Linear was built from scratch with a local-first architecture: SQLite in the browser, optimistic UI updates, sync-over-WebSocket rather than request-response. Every feature was built to keep P99 response times under 50ms. Then Linear put that number on their marketing website and talked about it in launch posts, conference talks, and investor memos. Their homepage called it "built for speed." Jira''s homepage talked about "flexibility."',
    '[
      {
        "label": "A",
        "text": "Publishing the 50ms target was a transparency move to build developer trust — engineers appreciate knowing the technical commitments a tool makes.",
        "quality": "good_but_incomplete",
        "explanation": "Developer trust is real, but the deeper play is competitive positioning. Transparency is the mechanism; creating a benchmark that Jira cannot credibly claim to meet is the strategy. The 50ms number became a weapon, not just a promise."
      },
      {
        "label": "B",
        "text": "Linear marketed the latency target because it was the most differentiating technical achievement they had at launch, and they needed something concrete to talk about.",
        "quality": "surface",
        "explanation": "This frames the decision as necessity rather than strategy. Linear had other differentiators (design, keyboard shortcuts, opinionated workflow). They chose to lead with speed because speed is a benchmark competitors must respond to publicly — not just because it was novel."
      },
      {
        "label": "C",
        "text": "Marketing the latency target turned a technical infrastructure decision into a product promise — creating a benchmark Jira couldn''t credibly match and locking Linear into maintaining it as a competitive moat.",
        "quality": "best",
        "explanation": "This is the full picture. Publishing the 50ms P99 target did three things: (1) created an instant differentiator against Jira''s notoriously slow UI, (2) set a benchmark Jira would need years to meet given its architecture, and (3) locked Linear into maintaining it — a commitment that becomes a moat over time. Speed isn''t just a feature; it''s a promise that compounds."
      },
      {
        "label": "D",
        "text": "The 50ms target was primarily an internal engineering goal that Linear shared publicly as a way to hold their own team accountable.",
        "quality": "plausible_wrong",
        "explanation": "Internal accountability goals don''t go on marketing websites. Linear made the deliberate choice to externalize the target — turning it from an engineering SLA into a product identity statement. The strategic intent was external positioning, not internal governance."
      }
    ]'::jsonb,
    'What I noticed about Linear''s latency marketing is that they didn''t just build a fast tool — they made the speed a contract with their users. Once you promise 50ms P99 publicly, you can''t quietly let it slip. That''s a clever trap to set for yourself: the promise forces continued investment in the architecture that created the moat. Meanwhile, Jira can''t make the same claim without rebuilding from scratch. The principle: turn a technical constraint into a product promise that your competitor cannot copy.',
    'Turn a technical constraint into a product promise'
  ),

  -- Challenge 5: Linear — Cycles not sprints
  (
    'c3000001-0000-0000-0000-000000000005',
    'b2000001-0000-0000-0000-000000000005',
    'Linear calls its time-boxed work periods "Cycles." Every other project management tool — Jira, Asana, Monday, GitHub Projects — uses "Sprints," the term from Scrum. Linear''s documentation doesn''t mention Scrum at all. Their marketing copy describes Cycles as "a natural rhythm" rather than a planning ceremony. Teams that migrate from Jira to Linear frequently cite the language as part of why the tool feels different, even before they explore the features.',
    '[
      {
        "label": "A",
        "text": "\"Cycle\" is a more accurate technical description of the feature — work periods repeat cyclically, so the name is more precise than \"sprint,\" which implies running.",
        "quality": "plausible_wrong",
        "explanation": "Both words are metaphors — neither is more technically precise than the other. \"Sprint\" implies speed; \"Cycle\" implies recurrence. Linear didn''t choose the word for accuracy; they chose it for the associations it carries (or avoids)."
      },
      {
        "label": "B",
        "text": "Calling them Cycles helped Linear avoid trademark or branding conflicts with Scrum.org, which owns the Scrum methodology and its associated terminology.",
        "quality": "plausible_wrong",
        "explanation": "\"Sprint\" is generic industry terminology, not trademarked by Scrum.org. Dozens of tools use it freely. Legal risk had nothing to do with this naming decision."
      },
      {
        "label": "C",
        "text": "The word \"Cycle\" repositions the feature as a rhythm rather than a deadline-driven ceremony, attracting teams that were burned by rigid Scrum and wanted structure without the pressure and shame of an incomplete sprint.",
        "quality": "best",
        "explanation": "This is the real strategic move. \"Sprint\" carries years of negative associations: sprint planning meetings, sprint reviews, velocity charts, the shame of carrying work over. \"Cycle\" implies something natural — tides, seasons, heartbeats. It signals \"we''re not Jira\" before a user even sees the UI. Naming is positioning."
      },
      {
        "label": "D",
        "text": "Linear used a unique term to make their documentation and SEO distinct, since searching \"Linear sprints\" would surface competitor results.",
        "quality": "good_but_incomplete",
        "explanation": "SEO differentiation is a real secondary benefit — \"Linear Cycles\" is a more ownable keyword than \"Linear Sprints.\" But the primary motivation was brand positioning, not search optimization. The linguistic choice shapes user perception, which shapes adoption."
      }
    ]'::jsonb,
    'What struck me about Linear''s naming choice is how much strategic weight a single word can carry. "Sprint" is a loaded term for anyone who''s sat through a failed sprint retrospective. By calling it a Cycle, Linear signaled a philosophy before the user clicked anything — this tool is for teams that want rhythm, not ceremony. That''s positioning through language, and it''s incredibly cheap to do but almost impossible to copy once a brand owns a word. The principle: naming is positioning, and word choice signals what you believe.',
    'Naming is positioning — word choice signals values'
  ),

  -- Challenge 6: Linear — ENG-123 sequential IDs
  (
    'c3000001-0000-0000-0000-000000000006',
    'b2000001-0000-0000-0000-000000000006',
    'Linear generates short, human-readable IDs for every issue: ENG-123, DESIGN-45, MOBILE-7. These IDs appear in Slack messages, git commit messages, pull request titles, and verbal conversations. When a developer says "did you see ENG-456?" in standup, everyone knows exactly what to look up. GitHub, Asana, and newer tools like Height default to UUIDs or long numeric IDs buried in URLs. Linear made the ID format a deliberate design decision.',
    '[
      {
        "label": "A",
        "text": "Sequential IDs are simply more traditional and familiar to engineering teams who grew up with Jira''s issue numbering, so Linear kept the convention to reduce the learning curve.",
        "quality": "plausible_wrong",
        "explanation": "Familiarity is the opposite of Linear''s strategy. Linear broke almost every other Jira convention deliberately. The sequential ID wasn''t kept out of habit — it was chosen because it solves a specific problem in how engineers actually communicate."
      },
      {
        "label": "B",
        "text": "Short sequential IDs reduce database storage and URL length, which supports Linear''s performance goals.",
        "quality": "plausible_wrong",
        "explanation": "UUIDs are used internally regardless — the human-readable ID is a display layer, not a storage layer. Performance had nothing to do with this decision. The ID format exists for communication, not infrastructure."
      },
      {
        "label": "C",
        "text": "The sequential ID makes issues referenceable across every context engineers use — Slack, terminals, commit messages, verbal standup — without opening Linear. It''s designed for how engineers actually communicate, not just for in-app use.",
        "quality": "best",
        "explanation": "This is the key insight. Linear''s users live in multiple contexts simultaneously: they''re in Slack discussing ENG-456 while committing code that references it and reviewing a PR that links it. A UUID is unusable in all of these contexts. ENG-123 is usable in all of them. Linear designed the ID for the full environment where engineering work happens, not just for the tool''s own UI."
      },
      {
        "label": "D",
        "text": "Short IDs help Linear''s API integrations, since external tools can parse and display issue references without complex UUID handling.",
        "quality": "good_but_incomplete",
        "explanation": "Integration-friendliness is a real benefit of the ID format. But the primary design reason is human communication, not machine parsing. The ID was designed for the standup conversation before it was designed for the Slack bot."
      }
    ]'::jsonb,
    'What I appreciate about Linear''s ID format is that it''s a small decision with enormous reach. Every time an engineer types ENG-123 in a commit message, Linear''s presence extends into GitHub, into the code review, into the deployment log. The tool travels with the work rather than waiting for you to come back to it. That''s design for the environment, not just the interface. The principle: build for where your users actually work, not just for where they open your app.',
    'Design for the environment where your users actually work, not just your UI'
  ),

  -- Challenge 7: Figma — Browser-first
  (
    'c3000001-0000-0000-0000-000000000007',
    'b2000001-0000-0000-0000-000000000007',
    'In 2016, Figma launched as a browser-based design tool at a moment when the design industry had fully converged on native apps. Sketch was dominant on Mac. Adobe XD had just launched as a native app. InVision was native. Building in the browser meant dealing with WebGL for rendering, limited file system access, and constant "can a browser really do that?" skepticism from designers. The Figma founding team chose browser-first despite all of this — and despite investor skepticism.',
    '[
      {
        "label": "A",
        "text": "Building for the browser was cheaper than building native apps for Mac and Windows separately, letting a small team ship faster.",
        "quality": "good_but_incomplete",
        "explanation": "Cross-platform efficiency is real — one codebase instead of two. But if cost were the primary driver, Figma could have shipped a simpler Electron app. The choice to build with WebGL in the browser was harder and more expensive than Electron. The strategic upside was distribution, not cost savings."
      },
      {
        "label": "B",
        "text": "The browser removed every friction point from the path to collaboration: no installation, no version sync, no procurement, no IT approval. The shareable link was the product''s sales motion — designers could pull in PMs and engineers who became users without choosing to.",
        "quality": "best",
        "explanation": "This is the complete picture. Browser-first solved the distribution problem at both the individual and enterprise level. A link requires no installation, which means a designer can share work with a non-designer who immediately views it — and Figma has a new user who never filled out a form. At the enterprise level, no installer means no IT approval process, which means Figma could expand inside a company faster than any native tool could. The browser was the sales team."
      },
      {
        "label": "C",
        "text": "Figma chose the browser to make real-time multiplayer technically feasible, since browser networking (WebSockets) is more mature than native peer-to-peer protocols.",
        "quality": "plausible_wrong",
        "explanation": "Real-time collaboration is achievable in native apps — Google''s native apps on mobile prove this. The browser wasn''t chosen for multiplayer technical reasons; multiplayer was enabled by browser architecture as a second-order benefit. The first-order reason was distribution."
      },
      {
        "label": "D",
        "text": "Designers were increasingly using Chromebooks and non-Mac hardware, and Figma saw an underserved market segment that native Mac/Windows tools ignored.",
        "quality": "surface",
        "explanation": "Chromebook usage among designers in 2016 was minimal. This wasn''t the market Figma was targeting. The browser strategy was about reducing friction for the mainstream design-to-engineering collaboration workflow, not serving an edge hardware segment."
      }
    ]'::jsonb,
    'What I find most interesting about Figma''s browser bet is that the browser wasn''t a technical limitation they worked around — it was a distribution moat they intentionally built. When a designer shares a Figma link with a PM, that PM becomes a Figma user without ever deciding to become one. That''s a radically different acquisition model than "download our app." Remove the install barrier and you remove the enterprise sales barrier at the same time. The principle: distribution constraints are product decisions — the hardest installs lose the most deals.',
    'Distribution constraints are product decisions — remove the install barrier and you remove the sales barrier'
  ),

  -- Challenge 8: Figma — Multiplayer by default
  (
    'c3000001-0000-0000-0000-000000000008',
    'b2000001-0000-0000-0000-000000000008',
    'Figma launched with real-time multiplayer editing as a core, always-on feature. Not a "share and comment" feature like InVision. Not a "review mode" feature like Adobe XD. True simultaneous editing with live cursors. This required significant engineering investment and made the early product feel buggy to some beta users. Figma shipped it anyway rather than building a simpler sharing model first.',
    '[
      {
        "label": "A",
        "text": "Real-time multiplayer was a technical showcase that helped Figma get press coverage and investor attention during the launch period.",
        "quality": "surface",
        "explanation": "Press coverage is a real benefit, but it doesn''t explain the deep engineering investment or why multiplayer was always-on rather than a demo mode. If press were the goal, a polished video demo would have sufficed. The engineering commitment signals the strategic intent was deeper."
      },
      {
        "label": "B",
        "text": "Multiplayer made file-sharing viral — you need a Figma account to edit a Figma file — while simultaneously making Figma''s presence in team workflows impossible to remove without disrupting how the whole team collaborates.",
        "quality": "best",
        "explanation": "Multiplayer served two simultaneous strategic goals. First, virality: every shared file converts viewers into users when they want to leave a comment or make an edit — a classic product-led growth loop. Second, retention: once design, engineering, and product reviews all run through Figma files, the switching cost isn''t ''switch design tools'' — it''s ''redesign how the whole team reviews work.'' The cursor was both a growth mechanic and a lock-in mechanic."
      },
      {
        "label": "C",
        "text": "Multiplayer was built to enable design agencies to work with offshore teams across time zones, expanding Figma''s addressable market beyond single-studio designers.",
        "quality": "plausible_wrong",
        "explanation": "Async collaboration across time zones is valuable, but real-time multiplayer is overkill for async — you don''t need live cursors if you''re never online at the same time. The feature was designed for the same-time, same-file review workflow that happens between a designer and a PM, not for time-zone-split agencies."
      },
      {
        "label": "D",
        "text": "Figma added multiplayer to match what Google Docs had already normalized in document collaboration, bringing the same expectation to design files.",
        "quality": "good_but_incomplete",
        "explanation": "Google Docs'' normalization of collaboration was a real tailwind for Figma''s positioning. But framing multiplayer as ''matching Docs'' undersells it. Figma''s multiplayer wasn''t a feature catch-up — it was the seed of a network effect where every additional collaborator increases Figma''s switching cost for the whole organization."
      }
    ]'::jsonb,
    'What I find strategically elegant about Figma''s multiplayer decision is that the live cursor served two masters at once. To the user it looked like convenience — everyone can see what you''re doing. To Figma it was a growth loop and a lock-in mechanism simultaneously. Once your PM reviews designs in Figma, your engineer annotates in Figma, and your stakeholder approves in Figma, you haven''t just adopted a design tool — you''ve adopted a collaboration protocol. The principle: collaboration features are retention features dressed as product features.',
    'Collaboration features are retention features dressed as product features'
  ),

  -- Challenge 9: Figma — Component libraries as moat
  (
    'c3000001-0000-0000-0000-000000000009',
    'b2000001-0000-0000-0000-000000000009',
    'Figma Community launched in 2020, allowing designers to publish component libraries, icon sets, and UI kits publicly. By 2022, companies like Microsoft (Fluent), Google (Material), Atlassian (Atlassian Design System), and hundreds of others had published their official design systems on Figma Community. Designers who need to build on top of these systems must use Figma — the assets are not available in Sketch or Adobe XD format. Adobe acquired Figma for $20 billion in 2022; the deal was eventually blocked by regulators, but the $20B valuation reflected something beyond the tool itself.',
    '[
      {
        "label": "A",
        "text": "Figma Community gave the company a content library to showcase in marketing and sales demos, helping enterprise sales teams illustrate real-world use cases.",
        "quality": "surface",
        "explanation": "Marketing content is a secondary benefit. The deeper strategic value is what happens when a third-party company''s design system lives only in Figma — every designer who works with that system becomes a captive Figma user, regardless of their personal tool preference."
      },
      {
        "label": "B",
        "text": "Hosting design systems for major companies created an asymmetric network effect: more design systems in Figma → more designers required to use Figma → more companies publish their systems there. Adobe paid $20B for the ecosystem, not the tool.",
        "quality": "best",
        "explanation": "This is the full picture. When Microsoft publishes Fluent in Figma Community, every designer building a Microsoft product must use Figma to access the official components. That''s not a feature advantage — it''s an ecosystem lock. The Community library created a compounding network effect that no product feature can replicate. Adobe''s $20B was a bid for the ecosystem before a competitor created an alternative. The regulator-blocked acquisition validated how seriously incumbents took the moat."
      },
      {
        "label": "C",
        "text": "Figma Community served as a recruiting tool — designers who built popular templates got visibility and job offers, so the best designers congregated around Figma''s ecosystem.",
        "quality": "good_but_incomplete",
        "explanation": "The community did create visibility for top designers, and talent concentration around a platform is a real secondary effect. But this describes an individual-level benefit, not the organizational-level lock-in that made the community strategically valuable to enterprise buyers and acquirers."
      },
      {
        "label": "D",
        "text": "Publishing design systems on Figma Community was a risk for companies because it exposed their design IP publicly, so most serious enterprise design systems stayed private.",
        "quality": "plausible_wrong",
        "explanation": "The opposite happened — major enterprises actively chose to publish official design systems publicly. Public design systems help third-party developers build consistent products, which benefits the platform company. Microsoft, Google, and Atlassian see public design system distribution as a feature, not a liability."
      }
    ]'::jsonb,
    'What I find remarkable about Figma Community is how quietly it redefined the switching cost. When Google''s Material Design System lives in Figma, a designer who wants to build with Material doesn''t choose Figma — they''re required to use it. That''s not a feature win; it''s an ecosystem win. No amount of Sketch improvements could unlock those assets. The community content created lock-in that product excellence alone cannot achieve. The principle: community content creates switching costs that product features cannot.',
    'Community content creates switching costs that product features cannot'
  ),

  -- Challenge 10: Stripe — 7-line integration
  (
    'c3000001-0000-0000-0000-000000000010',
    'b2000001-0000-0000-0000-000000000010',
    'When Stripe launched in 2011, the payment processing industry was dominated by Braintree, PayPal, and Authorize.net. All of them required merchants to sign contracts, wait for approval, configure fraud detection, handle PCI compliance, and integrate complex SDKs. Stripe''s launch blog post was essentially a code snippet: here are 7 lines that accept a credit card payment. The post went viral on Hacker News. Stripe had a waitlist within days.',
    '[
      {
        "label": "A",
        "text": "The 7-line demo showed that Stripe had better documentation than competitors, signaling that they cared about developer experience in a way that incumbents didn''t.",
        "quality": "good_but_incomplete",
        "explanation": "Documentation quality is a real secondary message from the demo. But the 7-line integration communicated something bigger than good docs — it communicated that the entire category''s complexity was unnecessary. The demo was an indictment of the status quo, not just a product tour."
      },
      {
        "label": "B",
        "text": "Seven lines of code was the actual minimum viable integration, so Stripe shipped exactly what was needed and demoed what they had — it wasn''t a strategic choice.",
        "quality": "plausible_wrong",
        "explanation": "Seven was a deliberate benchmark, not an accidental output. The Stripe team tested and iterated on the integration surface specifically to reduce it to this number. It was a design decision framed as simplicity, not an incidental outcome."
      },
      {
        "label": "C",
        "text": "The 7-line demo showed developers what they''d been robbed of — exposing that the existing category''s complexity was unnecessary friction, not inherent difficulty. The simplicity was the category critique.",
        "quality": "best",
        "explanation": "The 7 lines weren''t just a product demo — they were a rhetorical move. Showing that payments could be done in 7 lines implicitly asked: ''why were you doing it in 3 weeks?'' Every developer who saw the demo felt the injustice of the old way. Stripe didn''t need to name competitors or attack them — the code did it. The best product demos make the before feel worse, not the after feel better."
      },
      {
        "label": "D",
        "text": "The short integration was designed to appeal to developers who make the technical decision, even though the actual business decision-maker (the founder or CFO) would care more about fraud rates and fees.",
        "quality": "surface",
        "explanation": "Developer-first selling was definitely part of Stripe''s go-to-market — win the engineer, win the company. But this answer describes who the demo was targeting, not why the simplicity itself was powerful. The demo worked because it changed how developers perceived the entire category, not just Stripe."
      }
    ]'::jsonb,
    'What I find powerful about Stripe''s 7-line launch is that it reframed the entire competitive landscape in a single code snippet. Every developer who read it felt, viscerally, how badly they''d been treated by Braintree and PayPal. Stripe didn''t have to say "our competitors are terrible" — the 7 lines said it for them. The best product demos don''t show the product; they expose the problem. The principle: the best demo shows the before, not just the after.',
    'The best product demo shows the before, not just the after'
  ),

  -- Challenge 11: Stripe — Hosted fields for PCI compliance
  (
    'c3000001-0000-0000-0000-000000000011',
    'b2000001-0000-0000-0000-000000000011',
    'Stripe.js renders credit card input fields (card number, CVC, expiry) inside invisible iframes hosted on Stripe''s own domain. From the user''s perspective, the fields look like they''re part of the merchant''s website. From a technical perspective, the merchant''s server never sees the raw card data — only a token Stripe generates after the data passes through their infrastructure. This design required Stripe to invest heavily in invisible UX that merchants couldn''t even see or control.',
    '[
      {
        "label": "A",
        "text": "Hosted fields were required by card network rules — Visa and Mastercard mandated that card data never touch merchant infrastructure, so Stripe had no choice but to implement it this way.",
        "quality": "plausible_wrong",
        "explanation": "Card network rules require PCI compliance, but they don''t specify how to achieve it. Merchants can achieve PCI compliance with their own hosted forms if they go through Level 1 certification. Stripe designed the hosted fields to make the easy path also the compliant path — it was an architectural choice with a regulatory benefit, not a regulatory requirement."
      },
      {
        "label": "B",
        "text": "The hosted fields reduced Stripe''s own fraud liability, since Stripe controls the data environment and can apply machine learning directly to card entry behavior.",
        "quality": "good_but_incomplete",
        "explanation": "Fraud intelligence is a real benefit of seeing card entry behavior across millions of transactions. But this describes a product benefit to Stripe, not the go-to-market reason hosted fields were designed the way they were. The primary motivation was removing the fear of PCI compliance from the merchant''s mind."
      },
      {
        "label": "C",
        "text": "By absorbing PCI compliance invisibly, Stripe removed the biggest psychological barrier to signing up — the fear of card data exposure — turning a compliance nightmare into a non-issue that merchants never had to think about.",
        "quality": "best",
        "explanation": "This is the complete strategic picture. For a small startup in 2011, PCI Level 1 compliance meant a $50K+ audit and months of security work. Stripe''s hosted fields made that problem disappear. The merchant never handles raw card data, so they never need PCI certification beyond the simplest self-assessment questionnaire. Stripe absorbed the compliance cost and complexity so that "do we need to worry about card data?" was never a reason to delay integration. Fear removal is a product strategy."
      },
      {
        "label": "D",
        "text": "Hosted fields let Stripe update their fraud detection and card processing logic without requiring merchants to update their integration code.",
        "quality": "good_but_incomplete",
        "explanation": "Decoupled deployment is a real benefit — Stripe can ship improvements to the card capture experience without merchant changes. But this describes an operational advantage, not the go-to-market reason the feature was designed this way at launch. The launch motivation was fear removal, not deployment flexibility."
      }
    ]'::jsonb,
    'What I find elegant about Stripe''s hosted fields is that they solved a sales problem disguised as a technical one. The question founders were actually asking wasn''t "how do we collect card data?" — it was "what happens if we get hacked?" Stripe''s answer wasn''t a security whitepaper; it was an architectural decision that made the question irrelevant. You can''t leak what you never touch. The principle: absorbing a customer''s fear is a competitive advantage — turn their worst-case scenario into an impossibility.',
    'Absorbing a customer''s fear is a competitive advantage'
  ),

  -- Challenge 12: Stripe — Dashboard as a standalone product
  (
    'c3000001-0000-0000-0000-000000000012',
    'b2000001-0000-0000-0000-000000000012',
    'Stripe''s dashboard includes dispute management, payout scheduling, tax reporting (1099s, VAT), refund workflows, team permissions, radar fraud rules, and revenue analytics. By 2020, Stripe''s dashboard had become the primary interface for finance and operations teams at many companies — not just the payment integration that the engineering team set up. Many companies have finance teams who log into Stripe daily but have never written a line of code.',
    '[
      {
        "label": "A",
        "text": "Building the dashboard gave Stripe data about how businesses operate financially, which improved their fraud models and risk underwriting for Stripe Capital.",
        "quality": "good_but_incomplete",
        "explanation": "Data network effects are real and valuable for Stripe''s financial products. But this describes a downstream product benefit, not the strategic reason to invest heavily in a non-API dashboard feature. The primary reason was org-level switching cost expansion."
      },
      {
        "label": "B",
        "text": "The dashboard was a response to customer requests — merchants needed a way to issue refunds and view reports without writing API calls, so Stripe built the obvious operational interface.",
        "quality": "surface",
        "explanation": "Responding to customer requests is the surface-level explanation. But Stripe made a deliberate strategic choice to go deep on operational features rather than keeping the dashboard minimal. The investment level signals that this was a strategic expansion, not just product maintenance."
      },
      {
        "label": "C",
        "text": "Expanding from API to dashboard expanded Stripe''s footprint from the engineer who integrated it to the CFO who uses it daily, making switching require a company-wide workflow change rather than a code swap.",
        "quality": "best",
        "explanation": "An API business that only touches developers can always be replaced by another API — the switching cost is a one-time engineering project. But when finance teams run their dispute workflow in Stripe, when ops teams manage payouts in Stripe, and when the CFO reads revenue in Stripe, the switching cost multiplies across every team that has built workflows around the dashboard. Stripe turned a developer-adopted tool into an org-level dependency."
      },
      {
        "label": "D",
        "text": "Stripe built the dashboard to compete with banks and financial software like QuickBooks, positioning for a future where Stripe replaces the business''s entire financial stack.",
        "quality": "good_but_incomplete",
        "explanation": "Platform ambition is part of Stripe''s long-term strategy, and the dashboard does position them closer to replacing banking relationships. But this future-state framing overstates the dashboard''s immediate strategic purpose, which was concrete: expand the footprint beyond engineering to create switching costs at the org level."
      }
    ]'::jsonb,
    'What I find strategically sophisticated about Stripe''s dashboard investment is how it changed the switching cost calculation. If Stripe were only an API, a better API could replace it in a sprint. But once the finance team runs dispute resolution in Stripe, and the ops team manages payouts there, and the CFO tracks MRR there — you''re not replacing a payment API anymore. You''re replacing a workflow that spans three teams. The principle: expand from the integration point to the workflow, and switching becomes an org-wide decision instead of an engineering one.',
    'Expand from the integration point to the workflow to create org-level switching costs'
  ),

  -- Challenge 13: Vercel — Preview deployments
  (
    'c3000001-0000-0000-0000-000000000013',
    'b2000001-0000-0000-0000-000000000013',
    'Every pull request on a Vercel-connected repository automatically receives a unique preview URL — a live, fully functional version of the app running the branch code. This URL is posted as a GitHub check with a single click to open. Designers, product managers, and QA can review changes without setting up a local environment. The feature requires Vercel to run a deployment for every PR, including draft PRs — a significant infrastructure cost that Vercel absorbs as part of their free tier.',
    '[
      {
        "label": "A",
        "text": "Preview deployments speed up the code review cycle — developers can share live previews instead of asking reviewers to pull and run the branch locally, making the team more productive.",
        "quality": "good_but_incomplete",
        "explanation": "Developer productivity is the stated benefit and it''s real. But the deeper strategic value is who else gets pulled into the preview URL workflow. When a designer clicks a preview link, they become a Vercel touchpoint without choosing to be. The productivity story is the developer value; the stakeholder expansion is the strategic value."
      },
      {
        "label": "B",
        "text": "Preview deployments were designed to showcase Vercel''s deployment speed — getting a live URL in under a minute was a marketing proof point for how fast the platform is.",
        "quality": "surface",
        "explanation": "Deployment speed is a real showcase, and Vercel does market it. But if speed showcase were the goal, a single demo deployment would suffice. Building preview deployments as an always-on feature for every PR is a much larger investment than a speed demo needs."
      },
      {
        "label": "C",
        "text": "Preview deployments are a trojan horse into non-engineering stakeholders. When designers and PMs review code via preview URLs, Vercel becomes embedded in their workflow — expanding its footprint beyond the engineer who chose the platform.",
        "quality": "best",
        "explanation": "This is the strategic insight. The engineer picks Vercel. But the preview URL brings in the designer, the PM, the QA engineer, and the stakeholder — all of whom now have a Vercel URL in their browser history. When that company later evaluates deployment platforms, Vercel isn''t just the engineer''s choice — it''s the team''s workflow. The preview URL is how Vercel expands from one developer to the whole product team without a sales call."
      },
      {
        "label": "D",
        "text": "Preview deployments eliminate the staging environment, reducing infrastructure costs for startups and making Vercel a more cost-effective solution than managing separate staging servers.",
        "quality": "plausible_wrong",
        "explanation": "Preview deployments supplement staging environments — they don''t replace them. Production-like staging for QA, load testing, and third-party integrations still requires a dedicated environment. Framing preview deployments as a staging replacement misunderstands their role in the development workflow."
      }
    ]'::jsonb,
    'What I think is underappreciated about Vercel''s preview deployments is the stakeholder expansion it creates without any sales effort. The engineer chooses Vercel. But the first time a PM clicks a preview link to approve a UI change, Vercel is now part of the PM''s workflow too. When that company evaluates platforms later, "we all use preview URLs" becomes a switching cost that no engineer''s benchmark comparison can capture. The principle: make your tool visible to the people who didn''t choose it — their adoption compounds your lock-in.',
    'Make your tool visible to stakeholders who didn''t choose it'
  ),

  -- Challenge 14: Vercel — Edge functions
  (
    'c3000001-0000-0000-0000-000000000014',
    'b2000001-0000-0000-0000-000000000014',
    'Vercel pushed Edge Functions aggressively from 2022 onward — serverless code running at CDN nodes globally rather than in a single cloud region. They made edge-first the default runtime for new Next.js features like Middleware and certain Server Components patterns. Edge Runtime uses a restricted subset of Node.js APIs — no native modules, limited file system access. Code written for Edge Runtime often cannot run on standard Node.js or AWS Lambda without modification.',
    '[
      {
        "label": "A",
        "text": "Edge functions offer genuinely better performance for latency-sensitive operations — running code closer to the user reduces round-trip time in ways standard serverless cannot match.",
        "quality": "good_but_incomplete",
        "explanation": "The performance benefit is real. But performance alone doesn''t explain why Vercel made edge-first the default for Next.js features rather than an opt-in option. The default choice shapes what code gets written — and code written for Edge Runtime only runs on Vercel."
      },
      {
        "label": "B",
        "text": "Edge functions reduce Vercel''s infrastructure costs, since running lightweight functions at the edge is cheaper per request than maintaining large regional server instances.",
        "quality": "plausible_wrong",
        "explanation": "Edge functions are not cheaper to operate — they require a globally distributed CDN presence with cold-start optimization. This is more expensive infrastructure than regional serverless. Cost reduction wasn''t the driver."
      },
      {
        "label": "C",
        "text": "By making Edge Runtime the default for Next.js features, Vercel tied framework-level innovation to platform adoption. Code written with Edge-only APIs is not portable — the technical bet was the lock-in strategy.",
        "quality": "best",
        "explanation": "This is the complete picture. Vercel controls Next.js. When Vercel makes Edge Runtime the default for new framework features, developers who want those features must write Edge-compatible code. Edge-compatible code uses Vercel''s proprietary primitives — streaming responses, edge cache APIs, KV stores — that don''t exist on AWS or GCP. The technical leadership narrative (''edge is the future'') is the packaging; the platform dependency is the product. Lock-in disguised as innovation."
      },
      {
        "label": "D",
        "text": "Edge functions were a response to Cloudflare Workers, which had gained developer mindshare with their edge computing model, and Vercel needed to match the competitive feature set.",
        "quality": "surface",
        "explanation": "Competitive response to Cloudflare is part of the context, but framing it as a catch-up move misses the strategic intent. Vercel had the unique ability to make edge-first the default through Next.js control — a lever Cloudflare doesn''t have. Vercel''s edge strategy was offensive, not defensive."
      }
    ]'::jsonb,
    'What I find strategically sharp about Vercel''s edge functions push is how they used Next.js as the distribution mechanism for platform lock-in. If Vercel had just launched edge functions as a feature, developers could ignore them. But by making edge-first the default for new framework capabilities, they shaped what code gets written across the ecosystem. Code that uses Edge Runtime APIs isn''t Vercel-adjacent — it''s Vercel-dependent. The principle: if you control the framework, you can make the platform the path of least resistance without anyone noticing they''ve been locked in.',
    'Platform lock-in disguised as technical leadership'
  ),

  -- Challenge 15: Vercel — v0 as top-of-funnel flywheel
  (
    'c3000001-0000-0000-0000-000000000015',
    'b2000001-0000-0000-0000-000000000015',
    'Vercel launched v0.dev in 2023 as a free AI tool that generates React and Next.js UI from natural language prompts. The output is always Next.js-idiomatic code using Tailwind CSS and shadcn/ui components — a stack that deploys cleanly to Vercel. v0 has no usage-gated paywall for basic generation. Vercel charges nothing for generating components, even though inference costs are substantial. Every major competitor (OpenAI, Anthropic, GitHub Copilot) offers paid tiers for similar code generation.',
    '[
      {
        "label": "A",
        "text": "Making v0 free built goodwill in the developer community, which helped Vercel''s brand perception and recruiting in a competitive hiring market.",
        "quality": "surface",
        "explanation": "Brand goodwill is a real secondary benefit, but it''s not a sufficient explanation for absorbing significant inference costs. Companies don''t spend millions on inference without a monetization thesis. The free pricing reflects a specific acquisition strategy, not a brand investment."
      },
      {
        "label": "B",
        "text": "v0 is free because the generated code always uses Next.js and is designed to deploy to Vercel — every v0 output is a funnel entry to paid Vercel hosting. The AI tool is distribution, not a product.",
        "quality": "best",
        "explanation": "This is the complete strategic picture. v0''s output format is not neutral. It generates Next.js code, Tailwind styles, and shadcn/ui components — a stack that works best (and is easiest to deploy) on Vercel. Every developer who uses v0 to bootstrap a project is nudged toward Vercel for deployment without ever making an explicit platform choice. The inference cost is a customer acquisition cost, not a product cost. v0 is the top of a funnel that ends at Vercel''s billing page."
      },
      {
        "label": "C",
        "text": "Vercel made v0 free to gather training data — the prompts and generated code outputs improve their AI models over time, so usage is worth more as data than as revenue.",
        "quality": "good_but_incomplete",
        "explanation": "Training data is a real benefit of high-volume usage. But if data collection were the primary goal, Vercel would build the best possible AI model independently. The specific output format (Next.js, Vercel-deployable) reveals the monetization model: the data collection story is incidental to the distribution strategy."
      },
      {
        "label": "D",
        "text": "v0 is a loss leader designed to prevent GitHub Copilot and Cursor from owning the UI generation space before Vercel could establish a beachhead.",
        "quality": "plausible_wrong",
        "explanation": "Competitive defensiveness is part of the context, but "loss leader to defend territory" doesn''t explain why v0 outputs exclusively Next.js code. If the goal were territory defense, v0 would generate framework-agnostic React. The opinionated output reveals that v0 is an acquisition funnel, not a defensive play."
      }
    ]'::jsonb,
    'What I think is genuinely clever about v0 is that it''s a customer acquisition tool wearing a product costume. Every time v0 generates a component, it outputs Next.js — never Vue, never Svelte, never vanilla React. That''s not a technical limitation; it''s a strategic constraint. The developer who uses v0 to prototype doesn''t choose Vercel — they just follow the path of least resistance from "I want to build something" to "here''s your deployed app." The inference cost is a CAC, not a product cost. The principle: AI tools that output your format are distribution, not products.',
    'AI tools that output your format are distribution, not products'
  );
